level_0,Region,Subregion,Country
59GNM_07,Oceania,Australia and New Zealand,New Zealand
52KCU_12,Oceania,Australia and New Zealand,Australia
59GNM_00,Oceania,Australia and New Zealand,New Zealand
52KCU_15,Oceania,Australia and New Zealand,Australia
52KCU_23,Oceania,Australia and New Zealand,Australia
59GNM_09,Oceania,Australia and New Zealand,New Zealand
52KCU_24,Oceania,Australia and New Zealand,Australia
55JFN_19,Oceania,Australia and New Zealand,Australia
55JFN_26,Oceania,Australia and New Zealand,Australia
55JFN_21,Oceania,Australia and New Zealand,Australia
55JFN_28,Oceania,Australia and New Zealand,Australia
55JFN_17,Oceania,Australia and New Zealand,Australia
55JFN_10,Oceania,Australia and New Zealand,Australia
52KCU_25,Oceania,Australia and New Zealand,Australia
52KCU_22,Oceania,Australia and New Zealand,Australia
59GNM_08,Oceania,Australia and New Zealand,New Zealand
59GNM_01,Oceania,Australia and New Zealand,New Zealand
52KCU_14,Oceania,Australia and New Zealand,Australia
59GNM_06,Oceania,Australia and New Zealand,New Zealand
52KCU_13,Oceania,Australia and New Zealand,Australia
55JFN_11,Oceania,Australia and New Zealand,Australia
55JFN_29,Oceania,Australia and New Zealand,Australia
55JFN_16,Oceania,Australia and New Zealand,Australia
55JFN_20,Oceania,Australia and New Zealand,Australia
55JFN_18,Oceania,Australia and New Zealand,Australia
55JFN_27,Oceania,Australia and New Zealand,Australia
51KWR_29,Oceania,Australia and New Zealand,Australia
51JXK_09,Oceania,Australia and New Zealand,Australia
51KWR_16,Oceania,Australia and New Zealand,Australia
51JXH_11,Oceania,Australia and New Zealand,Australia
51JXH_29,Oceania,Australia and New Zealand,Australia
51JXH_16,Oceania,Australia and New Zealand,Australia
51KWR_11,Oceania,Australia and New Zealand,Australia
51KWR_18,Oceania,Australia and New Zealand,Australia
51JXK_07,Oceania,Australia and New Zealand,Australia
51KWR_27,Oceania,Australia and New Zealand,Australia
51JXH_20,Oceania,Australia and New Zealand,Australia
51JXH_18,Oceania,Australia and New Zealand,Australia
51JXH_27,Oceania,Australia and New Zealand,Australia
51KWR_20,Oceania,Australia and New Zealand,Australia
51JXK_00,Oceania,Australia and New Zealand,Australia
55JBF_25,Oceania,Australia and New Zealand,Australia
59GLK_19,Oceania,Australia and New Zealand,New Zealand
54KUF_06,Oceania,Australia and New Zealand,Australia
54HYE_21,Oceania,Australia and New Zealand,Australia
55HEU_29,Oceania,Australia and New Zealand,Australia
52KDU_24,Oceania,Australia and New Zealand,Australia
54LWJ_20,Oceania,Australia and New Zealand,Australia
53JMG_03,Oceania,Australia and New Zealand,Australia
59GLK_26,Oceania,Australia and New Zealand,New Zealand
56JMS_12,Oceania,Australia and New Zealand,Australia
52JGL_14,Oceania,Australia and New Zealand,Australia
55HEU_16,Oceania,Australia and New Zealand,Australia
54KYA_01,Oceania,Australia and New Zealand,Australia
52KDU_23,Oceania,Australia and New Zealand,Australia
54KUF_01,Oceania,Australia and New Zealand,Australia
54HYE_26,Oceania,Australia and New Zealand,Australia
54LWJ_18,Oceania,Australia and New Zealand,Australia
59GLL_09,Oceania,Australia and New Zealand,New Zealand
55JBF_22,Oceania,Australia and New Zealand,Australia
54KYA_06,Oceania,Australia and New Zealand,Australia
55HEU_11,Oceania,Australia and New Zealand,Australia
52JGL_13,Oceania,Australia and New Zealand,Australia
59GLK_21,Oceania,Australia and New Zealand,New Zealand
56JMS_15,Oceania,Australia and New Zealand,Australia
54LWJ_27,Oceania,Australia and New Zealand,Australia
53JMG_04,Oceania,Australia and New Zealand,Australia
59GNP_09,Oceania,Australia and New Zealand,New Zealand
54HYE_19,Oceania,Australia and New Zealand,Australia
55HEU_18,Oceania,Australia and New Zealand,Australia
52KDU_15,Oceania,Australia and New Zealand,Australia
59GLK_28,Oceania,Australia and New Zealand,New Zealand
55JBF_14,Oceania,Australia and New Zealand,Australia
59GNP_00,Oceania,Australia and New Zealand,New Zealand
54HYE_10,Oceania,Australia and New Zealand,Australia
52JGL_25,Oceania,Australia and New Zealand,Australia
55HEU_27,Oceania,Australia and New Zealand,Australia
54LWJ_11,Oceania,Australia and New Zealand,Australia
54KUF_08,Oceania,Australia and New Zealand,Australia
59GLL_00,Oceania,Australia and New Zealand,New Zealand
56JMS_23,Oceania,Australia and New Zealand,Australia
52KHU_05,Oceania,Australia and New Zealand,Australia
59GLK_17,Oceania,Australia and New Zealand,New Zealand
54LWJ_29,Oceania,Australia and New Zealand,Australia
59GNP_07,Oceania,Australia and New Zealand,New Zealand
54HYE_17,Oceania,Australia and New Zealand,Australia
55JBF_13,Oceania,Australia and New Zealand,Australia
52KDU_12,Oceania,Australia and New Zealand,Australia
54KYA_08,Oceania,Australia and New Zealand,Australia
56JMS_24,Oceania,Australia and New Zealand,Australia
52KHU_02,Oceania,Australia and New Zealand,Australia
59GLK_10,Oceania,Australia and New Zealand,New Zealand
59GLL_07,Oceania,Australia and New Zealand,New Zealand
54HYE_28,Oceania,Australia and New Zealand,Australia
54LWJ_16,Oceania,Australia and New Zealand,Australia
55HEU_20,Oceania,Australia and New Zealand,Australia
52JGL_22,Oceania,Australia and New Zealand,Australia
51JXH_19,Oceania,Australia and New Zealand,Australia
51JXK_01,Oceania,Australia and New Zealand,Australia
51JXH_26,Oceania,Australia and New Zealand,Australia
51KWR_21,Oceania,Australia and New Zealand,Australia
51KWR_19,Oceania,Australia and New Zealand,Australia
51KWR_26,Oceania,Australia and New Zealand,Australia
51JXH_21,Oceania,Australia and New Zealand,Australia
51JXK_06,Oceania,Australia and New Zealand,Australia
51JXH_28,Oceania,Australia and New Zealand,Australia
51JXH_17,Oceania,Australia and New Zealand,Australia
51KWR_10,Oceania,Australia and New Zealand,Australia
51JXK_08,Oceania,Australia and New Zealand,Australia
51KWR_28,Oceania,Australia and New Zealand,Australia
51KWR_17,Oceania,Australia and New Zealand,Australia
51JXH_10,Oceania,Australia and New Zealand,Australia
52KDU_13,Oceania,Australia and New Zealand,Australia
54KYA_09,Oceania,Australia and New Zealand,Australia
54HYE_16,Oceania,Australia and New Zealand,Australia
59GNP_06,Oceania,Australia and New Zealand,New Zealand
54LWJ_28,Oceania,Australia and New Zealand,Australia
55JBF_12,Oceania,Australia and New Zealand,Australia
55HEU_21,Oceania,Australia and New Zealand,Australia
52JGL_23,Oceania,Australia and New Zealand,Australia
59GLL_06,Oceania,Australia and New Zealand,New Zealand
52KHU_03,Oceania,Australia and New Zealand,Australia
56JMS_25,Oceania,Australia and New Zealand,Australia
59GLK_11,Oceania,Australia and New Zealand,New Zealand
54LWJ_17,Oceania,Australia and New Zealand,Australia
54HYE_29,Oceania,Australia and New Zealand,Australia
55JBF_15,Oceania,Australia and New Zealand,Australia
59GLK_29,Oceania,Australia and New Zealand,New Zealand
54HYE_11,Oceania,Australia and New Zealand,Australia
59GNP_01,Oceania,Australia and New Zealand,New Zealand
55HEU_19,Oceania,Australia and New Zealand,Australia
52KDU_14,Oceania,Australia and New Zealand,Australia
54KUF_09,Oceania,Australia and New Zealand,Australia
54LWJ_10,Oceania,Australia and New Zealand,Australia
52KHU_04,Oceania,Australia and New Zealand,Australia
56JMS_22,Oceania,Australia and New Zealand,Australia
59GLK_16,Oceania,Australia and New Zealand,New Zealand
59GLL_01,Oceania,Australia and New Zealand,New Zealand
52JGL_24,Oceania,Australia and New Zealand,Australia
55HEU_26,Oceania,Australia and New Zealand,Australia
54LWJ_19,Oceania,Australia and New Zealand,Australia
54KUF_00,Oceania,Australia and New Zealand,Australia
54HYE_27,Oceania,Australia and New Zealand,Australia
59GLL_08,Oceania,Australia and New Zealand,New Zealand
55JBF_23,Oceania,Australia and New Zealand,Australia
52KDU_22,Oceania,Australia and New Zealand,Australia
59GLK_20,Oceania,Australia and New Zealand,New Zealand
56JMS_14,Oceania,Australia and New Zealand,Australia
54HYE_18,Oceania,Australia and New Zealand,Australia
59GNP_08,Oceania,Australia and New Zealand,New Zealand
54LWJ_26,Oceania,Australia and New Zealand,Australia
53JMG_05,Oceania,Australia and New Zealand,Australia
55HEU_10,Oceania,Australia and New Zealand,Australia
54KYA_07,Oceania,Australia and New Zealand,Australia
52JGL_12,Oceania,Australia and New Zealand,Australia
55HEU_28,Oceania,Australia and New Zealand,Australia
52KDU_25,Oceania,Australia and New Zealand,Australia
59GLK_18,Oceania,Australia and New Zealand,New Zealand
55JBF_24,Oceania,Australia and New Zealand,Australia
54KUF_07,Oceania,Australia and New Zealand,Australia
54HYE_20,Oceania,Australia and New Zealand,Australia
52JGL_15,Oceania,Australia and New Zealand,Australia
54KYA_00,Oceania,Australia and New Zealand,Australia
55HEU_17,Oceania,Australia and New Zealand,Australia
54LWJ_21,Oceania,Australia and New Zealand,Australia
53JMG_02,Oceania,Australia and New Zealand,Australia
59GLK_27,Oceania,Australia and New Zealand,New Zealand
56JMS_13,Oceania,Australia and New Zealand,Australia
54KYA_22,Oceania,Australia and New Zealand,Australia
59GLK_05,Oceania,Australia and New Zealand,New Zealand
52KHU_17,Oceania,Australia and New Zealand,Australia
59GLL_12,Oceania,Australia and New Zealand,New Zealand
54LWJ_03,Oceania,Australia and New Zealand,Australia
53JMG_20,Oceania,Australia and New Zealand,Australia
52JGL_08,Oceania,Australia and New Zealand,Australia
52KDU_07,Oceania,Australia and New Zealand,Australia
54KUF_25,Oceania,Australia and New Zealand,Australia
54HYE_02,Oceania,Australia and New Zealand,Australia
59GNP_12,Oceania,Australia and New Zealand,New Zealand
55JBF_06,Oceania,Australia and New Zealand,Australia
52KHU_28,Oceania,Australia and New Zealand,Australia
54LWJ_04,Oceania,Australia and New Zealand,Australia
53JMG_27,Oceania,Australia and New Zealand,Australia
59GLL_15,Oceania,Australia and New Zealand,New Zealand
59GLK_02,Oceania,Australia and New Zealand,New Zealand
52KHU_10,Oceania,Australia and New Zealand,Australia
54KYA_25,Oceania,Australia and New Zealand,Australia
56JMS_09,Oceania,Australia and New Zealand,Australia
55JBF_01,Oceania,Australia and New Zealand,Australia
54KUF_22,Oceania,Australia and New Zealand,Australia
54HYE_05,Oceania,Australia and New Zealand,Australia
59GNP_15,Oceania,Australia and New Zealand,New Zealand
53JMG_18,Oceania,Australia and New Zealand,Australia
52KDU_00,Oceania,Australia and New Zealand,Australia
59GLL_23,Oceania,Australia and New Zealand,New Zealand
55JBF_08,Oceania,Australia and New Zealand,Australia
52KHU_26,Oceania,Australia and New Zealand,Australia
56JMS_00,Oceania,Australia and New Zealand,Australia
53JMG_11,Oceania,Australia and New Zealand,Australia
54KYA_13,Oceania,Australia and New Zealand,Australia
55HEU_04,Oceania,Australia and New Zealand,Australia
52JGL_06,Oceania,Australia and New Zealand,Australia
52KDU_09,Oceania,Australia and New Zealand,Australia
59GNP_23,Oceania,Australia and New Zealand,New Zealand
54KUF_14,Oceania,Australia and New Zealand,Australia
52KHU_19,Oceania,Australia and New Zealand,Australia
52JGL_01,Oceania,Australia and New Zealand,Australia
55HEU_03,Oceania,Australia and New Zealand,Australia
54KYA_14,Oceania,Australia and New Zealand,Australia
53JMG_16,Oceania,Australia and New Zealand,Australia
52KHU_21,Oceania,Australia and New Zealand,Australia
56JMS_07,Oceania,Australia and New Zealand,Australia
59GLL_24,Oceania,Australia and New Zealand,New Zealand
53JMG_29,Oceania,Australia and New Zealand,Australia
59GNP_24,Oceania,Australia and New Zealand,New Zealand
54KUF_13,Oceania,Australia and New Zealand,Australia
51JXK_15,Oceania,Australia and New Zealand,Australia
51JXK_12,Oceania,Australia and New Zealand,Australia
51JXH_03,Oceania,Australia and New Zealand,Australia
51KWR_04,Oceania,Australia and New Zealand,Australia
51JXK_24,Oceania,Australia and New Zealand,Australia
51JXK_23,Oceania,Australia and New Zealand,Australia
51KWR_03,Oceania,Australia and New Zealand,Australia
51JXH_04,Oceania,Australia and New Zealand,Australia
53JMG_17,Oceania,Australia and New Zealand,Australia
59GLL_25,Oceania,Australia and New Zealand,New Zealand
56JMS_06,Oceania,Australia and New Zealand,Australia
52KHU_20,Oceania,Australia and New Zealand,Australia
52JGL_00,Oceania,Australia and New Zealand,Australia
54KYA_15,Oceania,Australia and New Zealand,Australia
55HEU_02,Oceania,Australia and New Zealand,Australia
59GNP_25,Oceania,Australia and New Zealand,New Zealand
54KUF_12,Oceania,Australia and New Zealand,Australia
53JMG_28,Oceania,Australia and New Zealand,Australia
55HEU_05,Oceania,Australia and New Zealand,Australia
54KYA_12,Oceania,Australia and New Zealand,Australia
52KDU_08,Oceania,Australia and New Zealand,Australia
52JGL_07,Oceania,Australia and New Zealand,Australia
56JMS_01,Oceania,Australia and New Zealand,Australia
52KHU_27,Oceania,Australia and New Zealand,Australia
59GLL_22,Oceania,Australia and New Zealand,New Zealand
55JBF_09,Oceania,Australia and New Zealand,Australia
53JMG_10,Oceania,Australia and New Zealand,Australia
59GNP_22,Oceania,Australia and New Zealand,New Zealand
54KUF_15,Oceania,Australia and New Zealand,Australia
52KHU_18,Oceania,Australia and New Zealand,Australia
54KYA_24,Oceania,Australia and New Zealand,Australia
54LWJ_05,Oceania,Australia and New Zealand,Australia
53JMG_26,Oceania,Australia and New Zealand,Australia
59GLK_03,Oceania,Australia and New Zealand,New Zealand
52KHU_11,Oceania,Australia and New Zealand,Australia
59GLL_14,Oceania,Australia and New Zealand,New Zealand
52KDU_01,Oceania,Australia and New Zealand,Australia
55JBF_00,Oceania,Australia and New Zealand,Australia
56JMS_08,Oceania,Australia and New Zealand,Australia
53JMG_19,Oceania,Australia and New Zealand,Australia
54KUF_23,Oceania,Australia and New Zealand,Australia
59GNP_14,Oceania,Australia and New Zealand,New Zealand
54HYE_04,Oceania,Australia and New Zealand,Australia
59GLL_13,Oceania,Australia and New Zealand,New Zealand
59GLK_04,Oceania,Australia and New Zealand,New Zealand
52KHU_16,Oceania,Australia and New Zealand,Australia
54LWJ_02,Oceania,Australia and New Zealand,Australia
53JMG_21,Oceania,Australia and New Zealand,Australia
54KYA_23,Oceania,Australia and New Zealand,Australia
54KUF_24,Oceania,Australia and New Zealand,Australia
59GNP_13,Oceania,Australia and New Zealand,New Zealand
54HYE_03,Oceania,Australia and New Zealand,Australia
52KHU_29,Oceania,Australia and New Zealand,Australia
55JBF_07,Oceania,Australia and New Zealand,Australia
52KDU_06,Oceania,Australia and New Zealand,Australia
52JGL_09,Oceania,Australia and New Zealand,Australia
51KWR_02,Oceania,Australia and New Zealand,Australia
51JXH_05,Oceania,Australia and New Zealand,Australia
51JXK_22,Oceania,Australia and New Zealand,Australia
51JXK_25,Oceania,Australia and New Zealand,Australia
51JXH_02,Oceania,Australia and New Zealand,Australia
51KWR_05,Oceania,Australia and New Zealand,Australia
51JXK_13,Oceania,Australia and New Zealand,Australia
51JXK_14,Oceania,Australia and New Zealand,Australia
55JFN_05,Oceania,Australia and New Zealand,Australia
55JFN_02,Oceania,Australia and New Zealand,Australia
59GNM_24,Oceania,Australia and New Zealand,New Zealand
59GNM_23,Oceania,Australia and New Zealand,New Zealand
52KCU_09,Oceania,Australia and New Zealand,Australia
52KCU_00,Oceania,Australia and New Zealand,Australia
59GNM_15,Oceania,Australia and New Zealand,New Zealand
52KCU_07,Oceania,Australia and New Zealand,Australia
59GNM_12,Oceania,Australia and New Zealand,New Zealand
55JFN_03,Oceania,Australia and New Zealand,Australia
55JFN_04,Oceania,Australia and New Zealand,Australia
52KCU_06,Oceania,Australia and New Zealand,Australia
59GNM_13,Oceania,Australia and New Zealand,New Zealand
52KCU_01,Oceania,Australia and New Zealand,Australia
59GNM_14,Oceania,Australia and New Zealand,New Zealand
59GNM_22,Oceania,Australia and New Zealand,New Zealand
52KCU_08,Oceania,Australia and New Zealand,Australia
59GNM_25,Oceania,Australia and New Zealand,New Zealand
55JFN_22,Oceania,Australia and New Zealand,Australia
55JFN_25,Oceania,Australia and New Zealand,Australia
55JFN_13,Oceania,Australia and New Zealand,Australia
55JFN_14,Oceania,Australia and New Zealand,Australia
52KCU_29,Oceania,Australia and New Zealand,Australia
59GNM_03,Oceania,Australia and New Zealand,New Zealand
52KCU_16,Oceania,Australia and New Zealand,Australia
59GNM_04,Oceania,Australia and New Zealand,New Zealand
52KCU_11,Oceania,Australia and New Zealand,Australia
52KCU_18,Oceania,Australia and New Zealand,Australia
52KCU_27,Oceania,Australia and New Zealand,Australia
52KCU_20,Oceania,Australia and New Zealand,Australia
55JFN_15,Oceania,Australia and New Zealand,Australia
55JFN_12,Oceania,Australia and New Zealand,Australia
55JFN_24,Oceania,Australia and New Zealand,Australia
55JFN_23,Oceania,Australia and New Zealand,Australia
52KCU_21,Oceania,Australia and New Zealand,Australia
52KCU_19,Oceania,Australia and New Zealand,Australia
52KCU_26,Oceania,Australia and New Zealand,Australia
59GNM_05,Oceania,Australia and New Zealand,New Zealand
52KCU_10,Oceania,Australia and New Zealand,Australia
52KCU_28,Oceania,Australia and New Zealand,Australia
59GNM_02,Oceania,Australia and New Zealand,New Zealand
52KCU_17,Oceania,Australia and New Zealand,Australia
52KDU_20,Oceania,Australia and New Zealand,Australia
54KUF_02,Oceania,Australia and New Zealand,Australia
54HYE_25,Oceania,Australia and New Zealand,Australia
55JBF_21,Oceania,Australia and New Zealand,Australia
56JMS_29,Oceania,Australia and New Zealand,Australia
55HEU_12,Oceania,Australia and New Zealand,Australia
54KYA_05,Oceania,Australia and New Zealand,Australia
52JGL_10,Oceania,Australia and New Zealand,Australia
59GLK_22,Oceania,Australia and New Zealand,New Zealand
56JMS_16,Oceania,Australia and New Zealand,Australia
54LWJ_24,Oceania,Australia and New Zealand,Australia
53JMG_07,Oceania,Australia and New Zealand,Australia
52KHU_08,Oceania,Australia and New Zealand,Australia
55JBF_26,Oceania,Australia and New Zealand,Australia
54KUF_05,Oceania,Australia and New Zealand,Australia
54HYE_22,Oceania,Australia and New Zealand,Australia
52KDU_27,Oceania,Australia and New Zealand,Australia
52JGL_28,Oceania,Australia and New Zealand,Australia
54LWJ_23,Oceania,Australia and New Zealand,Australia
53JMG_00,Oceania,Australia and New Zealand,Australia
55JBF_19,Oceania,Australia and New Zealand,Australia
59GLK_25,Oceania,Australia and New Zealand,New Zealand
56JMS_11,Oceania,Australia and New Zealand,Australia
52JGL_17,Oceania,Australia and New Zealand,Australia
52KDU_18,Oceania,Australia and New Zealand,Australia
54KYA_02,Oceania,Australia and New Zealand,Australia
55HEU_15,Oceania,Australia and New Zealand,Australia
59GNP_04,Oceania,Australia and New Zealand,New Zealand
54HYE_14,Oceania,Australia and New Zealand,Australia
53JMG_09,Oceania,Australia and New Zealand,Australia
56JMS_18,Oceania,Australia and New Zealand,Australia
55JBF_10,Oceania,Australia and New Zealand,Australia
52KDU_11,Oceania,Australia and New Zealand,Australia
59GLL_04,Oceania,Australia and New Zealand,New Zealand
56JMS_27,Oceania,Australia and New Zealand,Australia
52KHU_01,Oceania,Australia and New Zealand,Australia
59GLK_13,Oceania,Australia and New Zealand,New Zealand
54LWJ_15,Oceania,Australia and New Zealand,Australia
55HEU_23,Oceania,Australia and New Zealand,Australia
52JGL_21,Oceania,Australia and New Zealand,Australia
52JGL_19,Oceania,Australia and New Zealand,Australia
52KDU_16,Oceania,Australia and New Zealand,Australia
55JBF_17,Oceania,Australia and New Zealand,Australia
59GNP_03,Oceania,Australia and New Zealand,New Zealand
54HYE_13,Oceania,Australia and New Zealand,Australia
52KDU_29,Oceania,Australia and New Zealand,Australia
52JGL_26,Oceania,Australia and New Zealand,Australia
55HEU_24,Oceania,Australia and New Zealand,Australia
54LWJ_12,Oceania,Australia and New Zealand,Australia
56JMS_20,Oceania,Australia and New Zealand,Australia
52KHU_06,Oceania,Australia and New Zealand,Australia
59GLK_14,Oceania,Australia and New Zealand,New Zealand
59GLL_03,Oceania,Australia and New Zealand,New Zealand
55JBF_28,Oceania,Australia and New Zealand,Australia
51JXH_15,Oceania,Australia and New Zealand,Australia
51KWR_12,Oceania,Australia and New Zealand,Australia
51KWR_15,Oceania,Australia and New Zealand,Australia
51JXH_12,Oceania,Australia and New Zealand,Australia
51JXH_24,Oceania,Australia and New Zealand,Australia
51KWR_23,Oceania,Australia and New Zealand,Australia
51JXK_03,Oceania,Australia and New Zealand,Australia
51JXK_04,Oceania,Australia and New Zealand,Australia
51KWR_24,Oceania,Australia and New Zealand,Australia
51JXH_23,Oceania,Australia and New Zealand,Australia
55JBF_16,Oceania,Australia and New Zealand,Australia
54HYE_12,Oceania,Australia and New Zealand,Australia
59GNP_02,Oceania,Australia and New Zealand,New Zealand
52KDU_17,Oceania,Australia and New Zealand,Australia
52JGL_18,Oceania,Australia and New Zealand,Australia
54LWJ_13,Oceania,Australia and New Zealand,Australia
59GLL_02,Oceania,Australia and New Zealand,New Zealand
55JBF_29,Oceania,Australia and New Zealand,Australia
52KHU_07,Oceania,Australia and New Zealand,Australia
56JMS_21,Oceania,Australia and New Zealand,Australia
59GLK_15,Oceania,Australia and New Zealand,New Zealand
52JGL_27,Oceania,Australia and New Zealand,Australia
52KDU_28,Oceania,Australia and New Zealand,Australia
55HEU_25,Oceania,Australia and New Zealand,Australia
52KDU_10,Oceania,Australia and New Zealand,Australia
53JMG_08,Oceania,Australia and New Zealand,Australia
54HYE_15,Oceania,Australia and New Zealand,Australia
59GNP_05,Oceania,Australia and New Zealand,New Zealand
55JBF_11,Oceania,Australia and New Zealand,Australia
56JMS_19,Oceania,Australia and New Zealand,Australia
55HEU_22,Oceania,Australia and New Zealand,Australia
52JGL_20,Oceania,Australia and New Zealand,Australia
52KHU_00,Oceania,Australia and New Zealand,Australia
56JMS_26,Oceania,Australia and New Zealand,Australia
59GLK_12,Oceania,Australia and New Zealand,New Zealand
59GLL_05,Oceania,Australia and New Zealand,New Zealand
54LWJ_14,Oceania,Australia and New Zealand,Australia
52JGL_29,Oceania,Australia and New Zealand,Australia
52KDU_26,Oceania,Australia and New Zealand,Australia
55JBF_27,Oceania,Australia and New Zealand,Australia
52KHU_09,Oceania,Australia and New Zealand,Australia
54KUF_04,Oceania,Australia and New Zealand,Australia
54HYE_23,Oceania,Australia and New Zealand,Australia
52KDU_19,Oceania,Australia and New Zealand,Australia
52JGL_16,Oceania,Australia and New Zealand,Australia
55HEU_14,Oceania,Australia and New Zealand,Australia
54KYA_03,Oceania,Australia and New Zealand,Australia
54LWJ_22,Oceania,Australia and New Zealand,Australia
53JMG_01,Oceania,Australia and New Zealand,Australia
59GLK_24,Oceania,Australia and New Zealand,New Zealand
56JMS_10,Oceania,Australia and New Zealand,Australia
55JBF_18,Oceania,Australia and New Zealand,Australia
54KUF_03,Oceania,Australia and New Zealand,Australia
54HYE_24,Oceania,Australia and New Zealand,Australia
56JMS_28,Oceania,Australia and New Zealand,Australia
55JBF_20,Oceania,Australia and New Zealand,Australia
52KDU_21,Oceania,Australia and New Zealand,Australia
59GLK_23,Oceania,Australia and New Zealand,New Zealand
56JMS_17,Oceania,Australia and New Zealand,Australia
54LWJ_25,Oceania,Australia and New Zealand,Australia
53JMG_06,Oceania,Australia and New Zealand,Australia
54KYA_04,Oceania,Australia and New Zealand,Australia
55HEU_13,Oceania,Australia and New Zealand,Australia
52JGL_11,Oceania,Australia and New Zealand,Australia
51KWR_25,Oceania,Australia and New Zealand,Australia
51JXH_22,Oceania,Australia and New Zealand,Australia
51JXK_05,Oceania,Australia and New Zealand,Australia
51JXK_02,Oceania,Australia and New Zealand,Australia
51JXH_25,Oceania,Australia and New Zealand,Australia
51KWR_22,Oceania,Australia and New Zealand,Australia
51KWR_14,Oceania,Australia and New Zealand,Australia
51JXH_13,Oceania,Australia and New Zealand,Australia
51JXH_14,Oceania,Australia and New Zealand,Australia
51KWR_13,Oceania,Australia and New Zealand,Australia
51JXK_11,Oceania,Australia and New Zealand,Australia
51JXH_09,Oceania,Australia and New Zealand,Australia
51JXK_16,Oceania,Australia and New Zealand,Australia
51JXK_29,Oceania,Australia and New Zealand,Australia
51KWR_09,Oceania,Australia and New Zealand,Australia
51JXK_20,Oceania,Australia and New Zealand,Australia
51KWR_00,Oceania,Australia and New Zealand,Australia
51JXH_07,Oceania,Australia and New Zealand,Australia
51JXH_00,Oceania,Australia and New Zealand,Australia
51KWR_07,Oceania,Australia and New Zealand,Australia
51JXK_27,Oceania,Australia and New Zealand,Australia
51JXK_18,Oceania,Australia and New Zealand,Australia
59GNP_29,Oceania,Australia and New Zealand,New Zealand
54LWJ_07,Oceania,Australia and New Zealand,Australia
53JMG_24,Oceania,Australia and New Zealand,Australia
59GLK_01,Oceania,Australia and New Zealand,New Zealand
52KHU_13,Oceania,Australia and New Zealand,Australia
59GLL_16,Oceania,Australia and New Zealand,New Zealand
54KYA_26,Oceania,Australia and New Zealand,Australia
59GLL_29,Oceania,Australia and New Zealand,New Zealand
55JBF_02,Oceania,Australia and New Zealand,Australia
54KUF_21,Oceania,Australia and New Zealand,Australia
54HYE_06,Oceania,Australia and New Zealand,Australia
59GNP_16,Oceania,Australia and New Zealand,New Zealand
54KYA_19,Oceania,Australia and New Zealand,Australia
52KDU_03,Oceania,Australia and New Zealand,Australia
54KYA_21,Oceania,Australia and New Zealand,Australia
59GLL_11,Oceania,Australia and New Zealand,New Zealand
59GLK_06,Oceania,Australia and New Zealand,New Zealand
52KHU_14,Oceania,Australia and New Zealand,Australia
54LWJ_00,Oceania,Australia and New Zealand,Australia
53JMG_23,Oceania,Australia and New Zealand,Australia
54KUF_19,Oceania,Australia and New Zealand,Australia
52KDU_04,Oceania,Australia and New Zealand,Australia
55HEU_09,Oceania,Australia and New Zealand,Australia
54KUF_26,Oceania,Australia and New Zealand,Australia
54HYE_01,Oceania,Australia and New Zealand,Australia
59GNP_11,Oceania,Australia and New Zealand,New Zealand
55JBF_05,Oceania,Australia and New Zealand,Australia
52JGL_02,Oceania,Australia and New Zealand,Australia
54KYA_17,Oceania,Australia and New Zealand,Australia
55HEU_00,Oceania,Australia and New Zealand,Australia
53JMG_15,Oceania,Australia and New Zealand,Australia
54HYE_08,Oceania,Australia and New Zealand,Australia
59GNP_18,Oceania,Australia and New Zealand,New Zealand
59GLL_27,Oceania,Australia and New Zealand,New Zealand
52KHU_22,Oceania,Australia and New Zealand,Australia
56JMS_04,Oceania,Australia and New Zealand,Australia
54KYA_28,Oceania,Australia and New Zealand,Australia
59GLL_18,Oceania,Australia and New Zealand,New Zealand
59GNP_27,Oceania,Australia and New Zealand,New Zealand
54KUF_10,Oceania,Australia and New Zealand,Australia
54LWJ_09,Oceania,Australia and New Zealand,Australia
52KHU_25,Oceania,Australia and New Zealand,Australia
56JMS_03,Oceania,Australia and New Zealand,Australia
59GLL_20,Oceania,Australia and New Zealand,New Zealand
54KUF_28,Oceania,Australia and New Zealand,Australia
53JMG_12,Oceania,Australia and New Zealand,Australia
55HEU_07,Oceania,Australia and New Zealand,Australia
54KYA_10,Oceania,Australia and New Zealand,Australia
52JGL_05,Oceania,Australia and New Zealand,Australia
59GNP_20,Oceania,Australia and New Zealand,New Zealand
54KUF_17,Oceania,Australia and New Zealand,Australia
59GLK_08,Oceania,Australia and New Zealand,New Zealand
51JXK_26,Oceania,Australia and New Zealand,Australia
51JXH_01,Oceania,Australia and New Zealand,Australia
51KWR_06,Oceania,Australia and New Zealand,Australia
51JXK_19,Oceania,Australia and New Zealand,Australia
51KWR_01,Oceania,Australia and New Zealand,Australia
51JXH_06,Oceania,Australia and New Zealand,Australia
51JXK_21,Oceania,Australia and New Zealand,Australia
51JXK_17,Oceania,Australia and New Zealand,Australia
51KWR_08,Oceania,Australia and New Zealand,Australia
51JXK_28,Oceania,Australia and New Zealand,Australia
51JXK_10,Oceania,Australia and New Zealand,Australia
51JXH_08,Oceania,Australia and New Zealand,Australia
54KYA_11,Oceania,Australia and New Zealand,Australia
55HEU_06,Oceania,Australia and New Zealand,Australia
52JGL_04,Oceania,Australia and New Zealand,Australia
59GLL_21,Oceania,Australia and New Zealand,New Zealand
56JMS_02,Oceania,Australia and New Zealand,Australia
52KHU_24,Oceania,Australia and New Zealand,Australia
53JMG_13,Oceania,Australia and New Zealand,Australia
54KUF_29,Oceania,Australia and New Zealand,Australia
59GNP_21,Oceania,Australia and New Zealand,New Zealand
54KUF_16,Oceania,Australia and New Zealand,Australia
59GLK_09,Oceania,Australia and New Zealand,New Zealand
59GNP_19,Oceania,Australia and New Zealand,New Zealand
54HYE_09,Oceania,Australia and New Zealand,Australia
53JMG_14,Oceania,Australia and New Zealand,Australia
56JMS_05,Oceania,Australia and New Zealand,Australia
52KHU_23,Oceania,Australia and New Zealand,Australia
59GLL_26,Oceania,Australia and New Zealand,New Zealand
52JGL_03,Oceania,Australia and New Zealand,Australia
55HEU_01,Oceania,Australia and New Zealand,Australia
54KYA_16,Oceania,Australia and New Zealand,Australia
59GLL_19,Oceania,Australia and New Zealand,New Zealand
54LWJ_08,Oceania,Australia and New Zealand,Australia
59GNP_26,Oceania,Australia and New Zealand,New Zealand
54KUF_11,Oceania,Australia and New Zealand,Australia
54KYA_29,Oceania,Australia and New Zealand,Australia
59GLK_07,Oceania,Australia and New Zealand,New Zealand
52KHU_15,Oceania,Australia and New Zealand,Australia
59GLL_10,Oceania,Australia and New Zealand,New Zealand
54KUF_18,Oceania,Australia and New Zealand,Australia
54LWJ_01,Oceania,Australia and New Zealand,Australia
53JMG_22,Oceania,Australia and New Zealand,Australia
54KYA_20,Oceania,Australia and New Zealand,Australia
54KUF_27,Oceania,Australia and New Zealand,Australia
59GNP_10,Oceania,Australia and New Zealand,New Zealand
54HYE_00,Oceania,Australia and New Zealand,Australia
55JBF_04,Oceania,Australia and New Zealand,Australia
52KDU_05,Oceania,Australia and New Zealand,Australia
55HEU_08,Oceania,Australia and New Zealand,Australia
54KYA_27,Oceania,Australia and New Zealand,Australia
54LWJ_06,Oceania,Australia and New Zealand,Australia
53JMG_25,Oceania,Australia and New Zealand,Australia
59GNP_28,Oceania,Australia and New Zealand,New Zealand
59GLL_17,Oceania,Australia and New Zealand,New Zealand
59GLK_00,Oceania,Australia and New Zealand,New Zealand
52KHU_12,Oceania,Australia and New Zealand,Australia
54KYA_18,Oceania,Australia and New Zealand,Australia
52KDU_02,Oceania,Australia and New Zealand,Australia
59GLL_28,Oceania,Australia and New Zealand,New Zealand
55JBF_03,Oceania,Australia and New Zealand,Australia
54KUF_20,Oceania,Australia and New Zealand,Australia
59GNP_17,Oceania,Australia and New Zealand,New Zealand
54HYE_07,Oceania,Australia and New Zealand,Australia
59GNM_20,Oceania,Australia and New Zealand,New Zealand
59GNM_18,Oceania,Australia and New Zealand,New Zealand
59GNM_27,Oceania,Australia and New Zealand,New Zealand
52KCU_04,Oceania,Australia and New Zealand,Australia
59GNM_11,Oceania,Australia and New Zealand,New Zealand
59GNM_29,Oceania,Australia and New Zealand,New Zealand
52KCU_03,Oceania,Australia and New Zealand,Australia
59GNM_16,Oceania,Australia and New Zealand,New Zealand
55JFN_01,Oceania,Australia and New Zealand,Australia
55JFN_06,Oceania,Australia and New Zealand,Australia
55JFN_08,Oceania,Australia and New Zealand,Australia
59GNM_28,Oceania,Australia and New Zealand,New Zealand
52KCU_02,Oceania,Australia and New Zealand,Australia
59GNM_17,Oceania,Australia and New Zealand,New Zealand
52KCU_05,Oceania,Australia and New Zealand,Australia
59GNM_10,Oceania,Australia and New Zealand,New Zealand
59GNM_19,Oceania,Australia and New Zealand,New Zealand
59GNM_26,Oceania,Australia and New Zealand,New Zealand
59GNM_21,Oceania,Australia and New Zealand,New Zealand
55JFN_09,Oceania,Australia and New Zealand,Australia
55JFN_07,Oceania,Australia and New Zealand,Australia
55JFN_00,Oceania,Australia and New Zealand,Australia
